<?xml version="1.0" encoding="UTF-8"?>
<!DOCTYPE suite SYSTEM "http://testng.org/testng-1.0.dtd">
<suite name="Failed suite [Ant suite]">
  <test name="Ant test(failed)">
    <classes>
      <class name="com.puma.test.CartTest">
        <methods>
          <include name="oneTimeSetUp"/>
          <include name="oneTimeTearDown"/>
        </methods>
      </class> <!-- com.puma.test.CartTest -->
      <class name="com.puma.test.CheckoutEndToEnd">
        <methods>
          <include name="oneTimeTearDown"/>
          <include name="step1Fields" invocation-numbers="0 1 2 3 4 5 6 7 8 9 10 11 12 13 14 15 16"/>
          <include name="initCheckout"/>
        </methods>
      </class> <!-- com.puma.test.CheckoutEndToEnd -->
      <class name="com.puma.test.CheckoutStep1">
        <methods>
          <include name="step1Fields" invocation-numbers="0 1 2 3 4 5 6 7 8 9 10 11 12 13 14 15 16"/>
          <include name="getFromHomeToStep1"/>
          <include name="oneTimeSetUp"/>
          <include name="oneTimeTearDown"/>
        </methods>
      </class> <!-- com.puma.test.CheckoutStep1 -->
      <class name="com.puma.test.CheckoutSignIn">
        <methods>
          <include name="setUp"/>
          <include name="oneTimeTearDown"/>
        </methods>
      </class> <!-- com.puma.test.CheckoutSignIn -->
      <class name="com.puma.test.CheckoutStep1Unit">
        <methods>
          <include name="oneTimeSetUp"/>
          <include name="step1FieldsLname" invocation-numbers="0 1 2 3 4 5 6 7 8 9 10 11 12 13 14 15 16"/>
          <include name="step1FieldsEmail" invocation-numbers="0 1 2 3 4 5 6 7 8 9 10 11 12 13 14 15 16"/>
          <include name="getFromHomeToStep1"/>
          <include name="oneTimeTearDown"/>
          <include name="step1FieldsCity" invocation-numbers="0 1 2 3 4 5 6 7 8 9 10 11 12 13 14 15 16"/>
          <include name="step1NextStepBtnUI"/>
          <include name="step1FieldsZip" invocation-numbers="0 1 2 3 4 5 6 7 8 9 10 11 12 13 14 15 16"/>
          <include name="step1FieldsName" invocation-numbers="0 1 2 3 4 5 6 7 8 9 10 11 12 13 14 15 16"/>
          <include name="step1FieldsAddress1" invocation-numbers="0 1 2 3 4 5 6 7 8 9 10 11 12 13 14 15 16"/>
        </methods>
      </class> <!-- com.puma.test.CheckoutStep1Unit -->
      <class name="com.puma.test.CheckoutEndToEndBigFive">
        <methods>
          <include name="checkoutForFiveCountries" invocation-numbers="0 1 2 3 4 5 6 7"/>
          <include name="oneTimeTearDown"/>
          <include name="getToStep1"/>
        </methods>
      </class> <!-- com.puma.test.CheckoutEndToEndBigFive -->
      <class name="com.puma.test.PDPTest">
        <methods>
          <include name="oneTimeSetUp"/>
          <include name="oneTimeTearDown"/>
        </methods>
      </class> <!-- com.puma.test.PDPTest -->
      <class name="com.puma.test.HomeEuropeHeader">
        <methods>
          <include name="oneTimeTearDown"/>
          <include name="oneTimeSetUp"/>
          <include name="testHeader"/>
        </methods>
      </class> <!-- com.puma.test.HomeEuropeHeader -->
      <class name="com.puma.test.GetToStep1">
        <methods>
          <include name="oneTimeTearDown"/>
          <include name="oneTimeSetUp"/>
        </methods>
      </class> <!-- com.puma.test.GetToStep1 -->
      <class name="com.puma.test.CheckoutSignInPage">
        <methods>
          <include name="oneTimeTearDown"/>
          <include name="oneTimeSetUp"/>
        </methods>
      </class> <!-- com.puma.test.CheckoutSignInPage -->
      <class name="com.puma.test.PumaUtilNavSearch">
        <methods>
          <include name="oneTimeSetUp"/>
          <include name="oneTimeTearDown"/>
        </methods>
      </class> <!-- com.puma.test.PumaUtilNavSearch -->
    </classes>
  </test> <!-- Ant test(failed) -->
</suite> <!-- Failed suite [Ant suite] -->
