<?xml version="1.0" encoding="UTF-8"?>
<!DOCTYPE suite SYSTEM "http://testng.org/testng-1.0.dtd">
<suite name="Failed suite [Ant suite]">
  <test name="Ant test(failed)">
    <classes>
      <class name="com.puma.util.GatherInfo">
        <methods>
          <include name="oneTimeTearDown"/>
          <include name="oneTimeSetUp"/>
        </methods>
      </class> <!-- com.puma.util.GatherInfo -->
      <class name="com.puma.test.CheckoutSignInPage">
        <methods>
          <include name="getFromHomeToStep1"/>
        </methods>
      </class> <!-- com.puma.test.CheckoutSignInPage -->
      <class name="com.puma.test.CartTest">
        <methods>
          <include name="fromMiniCartToCart"/>
          <include name="getFromHomeToCart"/>
        </methods>
      </class> <!-- com.puma.test.CartTest -->
      <class name="com.puma.test.CheckoutSignIn">
        <methods>
          <include name="checkoutSignInRegistered" invocation-numbers="0 1 2 3 4"/>
          <include name="interstCheckoutPage"/>
          <include name="getToPDP"/>
          <include name="checkoutSignInGuest"/>
        </methods>
      </class> <!-- com.puma.test.CheckoutSignIn -->
      <class name="com.puma.test.CheckoutEndToEnd">
        <methods>
          <include name="oneTimeTearDown"/>
          <include name="step1Fields" invocation-numbers="0 1 2 3 4 5 6 7 8 9 10 11 12 13 14 15"/>
          <include name="getToStep1"/>
        </methods>
      </class> <!-- com.puma.test.CheckoutEndToEnd -->
      <class name="com.puma.test.CheckoutStep1Unit">
        <methods>
          <include name="step1FieldsLname"/>
          <include name="step1FieldsEmail"/>
          <include name="step1CountryDropDown"/>
          <include name="step1SalutationBirthday"/>
          <include name="getFromHomeToStep1"/>
          <include name="step1FieldsCity"/>
          <include name="step1NextStepBtnUI"/>
          <include name="step1FieldsZip"/>
          <include name="step1FieldsName"/>
          <include name="step1FieldsAddress1"/>
        </methods>
      </class> <!-- com.puma.test.CheckoutStep1Unit -->
      <class name="com.puma.test.PumaUtilNavSearch">
        <methods>
          <include name="openPumaHomePage"/>
          <include name="searchForPants"/>
          <include name="searchForSku"/>
        </methods>
      </class> <!-- com.puma.test.PumaUtilNavSearch -->
      <class name="com.puma.test.CheckoutStep1">
        <methods>
          <include name="step1Fields"/>
          <include name="getFromHomeToStep1"/>
        </methods>
      </class> <!-- com.puma.test.CheckoutStep1 -->
      <class name="com.puma.test.PDPTest">
        <methods>
          <include name="pdpPageSizeChart"/>
          <include name="pdpPageZoomIn"/>
          <include name="subcatPageUI"/>
          <include name="pdpPageSelectQuantity"/>
          <include name="subcatPageFunct"/>
          <include name="pdpPageSelectColor"/>
          <include name="pdpPageSelectSize"/>
          <include name="homePageMainNav"/>
        </methods>
      </class> <!-- com.puma.test.PDPTest -->
    </classes>
  </test> <!-- Ant test(failed) -->
</suite> <!-- Failed suite [Ant suite] -->
